Congress,Session,Start Date,End Date,"Civilian, New nominations","Civilian, Confirmed","Civilian, Unconfirmed","Civilian, Withdrawn","Civilian, Rejected","Civilian, Returned","Air Force, New nominations","Air Force, Confirmed","Air Force, Unconfirmed","Air Force, Returned","Army, New nominations","Army, Confirmed","Army, Unconfirmed","Army, Returned","Navy, New nominations","Navy, Confirmed","Navy, Unconfirmed","Marine Corps, New nominations","Marine Corps, Confirmed","Marine Corps, Unconfirmed","Marine Corps, Returned",Total new nominations,Total confirmed,Total unconfirmed,Total withdrawn,Total rejected,Total returned,"Civilian, Carryover nominations","Air Force, Carryover nominations","Army, Carryover nominations","Army, Withdrawn","Navy, Carryover nominations","Navy, Withdrawn","Marine Corps, Carryover nominations",Total carryover nominations,"Air Force, Withdrawn","Marine Corps, Withdrawn","Space Force, New nominations","Space Force, Confirmed","Space Force, Unconfirmed","Space Force, Withdrawn","Space Force, Carryover nominations","Air Force, Failed","Civilian, Recess reappointments",Total recess reappointments,"Army, Failed","Civilian, Failed","Navy, Returned",Total failed
98,1,1983-01-03 00:00:00,1983-11-18 00:00:00,3454,2978,0,2,,0,12819,12792,26,0,14784,14782,,0,21994,21994,,2990,2990,,0,56041,55536,26,2,,0,0,,,,,,,,,,,,,,,1,0,0,2,474,0,477
98,2,1984-01-23 00:00:00,1984-10-12 00:00:00,4127,4001,107,2,,0,11818,11844,,0,14031,14031,,0,8855,8855,,2995,2995,,0,41826,41726,107,2,,0,0,26,,,,,,26,,,,,,,,,17,17,0,0,0,0
99,1,1985-01-03 00:00:00,1985-12-20 00:00:00,3719,3603,69,7,,0,21367,19013,2354,0,15370,14478,892,0,16721,16720,,2466,2104,362,0,59643,55918,3677,8,,0,0,,,,,1,,,,,,,,,,,6,6,0,34,0,34
99,2,1986-01-21 00:00:00,1986-10-18 00:00:00,2046,2037,70,8,,0,12246,14600,,0,9918,10810,,0,9952,9952,,2132,2494,,0,36294,39893,70,8,,0,69,2354,892,,,,362,3677,,,,,,,,,0,0,0,0,0,0
100,1,1987-01-06 00:00:00,1987-12-22 00:00:00,4718,4569,122,10,1,16,18667,15711,2955,1,14448,12086,2361,1,12101,12055,46,1995,1983,10,2,51929,46404,5494,10,1,20,0,,,,,,,,,,,,,,,,0,0,0,0,0,0
100,2,1988-01-25 00:00:00,1988-10-22 00:00:00,2670,2357,424,11,,0,12349,15304,,0,10500,12858,2,0,10159,10203,1,1586,1595,1,0,37264,42317,428,13,,0,122,2955,2361,1,46,1,10,5494,,,,,,,,,0,0,0,0,0,0
101,1,1989-01-03 00:00:00,1989-11-22 00:00:00,3564,3399,79,34,1,0,11421,11394,27,0,17754,15312,2441,0,12908,12704,204,2787,2776,11,0,48434,45585,2762,34,1,0,0,,,,,,,,,,,,,,,,0,0,1,51,0,52
101,2,1990-01-23 00:00:00,1990-10-28 00:00:00,2364,2145,287,11,,0,13373,11422,1977,0,15052,14567,2924,0,11370,11573,1,2775,2786,,0,44934,42493,5189,14,,0,79,27,2441,2,204,,11,2762,1,,,,,,,,0,0,0,0,0,0
102,1,1991-01-03 00:00:00,1992-01-03 00:00:00,3376,3256,101,9,,0,13777,13750,26,0,13137,13098,37,0,13541,13538,3,1538,1538,,0,45369,45180,167,12,,0,0,,,2,,,,,1,,,,,,,,0,0,0,10,0,10
102,2,1992-01-03 00:00:00,1992-10-09 00:00:00,2661,2541,193,4,,0,6708,6728,3,0,11201,11232,4,0,8001,7696,305,2506,2422,84,0,31077,30619,589,12,,0,101,26,37,2,3,3,,167,3,,,,,,,,0,0,0,0,0,0
103,1,1993-01-05 00:00:00,1993-11-24 00:00:00,2931,2700,210,8,,13,13741,13736,4,0,12714,11028,1686,0,11119,9584,657,1834,1628,15,0,42339,38676,2572,1078,,13,0,,,,,878,,,1,191,,,,,,,0,0,0,0,0,0
103,2,1994-01-25 00:00:00,1994-12-01 00:00:00,3029,3085,154,0,,0,9124,9126,2,0,10278,11960,4,0,11255,11901,9,1359,1374,0,0,35045,37446,169,2,,0,210,4,1686,,657,2,15,2572,,,,,,,,,0,0,0,0,0,0
104,1,1995-01-04 00:00:00,1996-01-03 00:00:00,2466,2016,439,10,,1,18521,13569,4952,0,12345,10041,2304,0,12106,12077,21,2841,2832,8,0,48279,40535,7724,11,,9,0,,,,,,,,,1,,,,,,,0,0,0,0,8,0
104,2,1996-01-03 00:00:00,1996-10-03 00:00:00,1781,1485,724,11,,0,6213,11159,6,0,8720,11018,6,0,7165,7175,11,2332,2339,1,0,26211,33176,748,11,,0,439,4952,2304,,21,,8,7724,,,,,,,,,0,0,0,0,0,0
105,1,1997-01-03 00:00:00,1997-11-13 00:00:00,3203,3380,210,13,,0,8141,8120,21,0,6244,6244,2,0,6157,6153,4,1679,1679,0,0,25828,25576,237,13,,2,0,,,,,,,,,,,,,,,,0,0,0,0,0,0
105,2,1998-01-27 00:00:00,1998-10-21 00:00:00,1782,1845,0,24,,120,6070,6087,,4,5479,5478,,3,5047,5045,,1847,1847,,0,20225,20302,,27,,133,210,21,2,,4,,,237,,,,,,,,,0,0,0,0,6,0
106,1,1999-01-06 00:00:00,1999-11-22 00:00:00,3259,2317,920,12,,10,6234,6219,15,0,5429,5225,204,0,6590,6580,10,2128,2127,1,0,23640,22468,1150,12,,10,0,,,,,,,,,,,,,,,,0,0,0,0,0,0
106,2,2000-01-24 00:00:00,2000-12-31 00:00:00,1581,2271,19,13,,198,5769,5781,,3,6401,6045,2,558,5585,5588,,2826,2827,,0,22162,22512,21,13,,766,920,15,204,,10,,1,1150,,,,,,,,,0,0,0,0,7,0
107,1,2001-01-03 00:00:00,2001-12-31 00:00:00,3409,2225,701,69,,414,6801,6750,4,47,7142,6981,53,108,5593,5564,,3625,3571,33,21,26570,25091,791,69,,619,0,,,,,,,0,,,,,,,,,0,0,0,0,29,0
107,2,2002-01-23 00:00:00,2002-11-22 00:00:00,2028,2564,0,10,,155,5813,5811,,6,6182,6225,,10,6044,6030,,2978,3003,,8,23045,23633,0,10,,193,701,4,53,,,,33,791,,,,,,,,,0,0,0,0,14,0
108,1,2003-01-07 00:00:00,2003-12-31 00:00:00,3178,2951,200,13,,14,9068,5494,3572,2,6012,5416,594,2,7752,5308,2444,2413,2411,2,0,28423,21580,6812,13,,18,0,,,,,,,0,,,,,,,,,0,0,0,0,0,0
108,2,2004-01-20 00:00:00,2004-12-31 00:00:00,4417,4415,0,24,,178,6077,5777,,3870,5324,5827,,91,7375,9803,,1227,1225,,4,24420,27047,0,26,,4159,200,3572,594,,2444,,2,6812,2,,,,,,,,0,0,0,0,16,0
109,1,2005-01-04 00:00:00,2005-12-22 00:00:00,3251,2285,928,18,,20,9860,9723,100,37,8586,7971,608,7,4607,4583,21,1382,1380,2,0,27686,25942,1659,18,,67,0,,,,,,,0,,,,,,,,,0,0,0,0,3,0
109,2,2006-01-03 00:00:00,2006-12-31 00:00:00,2956,3678,0,22,,184,7730,7829,,1,9177,9772,,13,7015,7035,,1291,1289,,4,28169,29603,0,22,,203,928,100,608,,21,,2,1659,,,,,,,,,0,0,0,0,1,0
110,1,2007-01-04 00:00:00,2007-12-31 00:00:00,4297,4075,188,31,,3,6096,6090,5,1,6721,6698,19,4,4691,4688,3,1342,1341,1,0,23147,22892,216,31,,8,0,,,,,,,0,,,,,,,,,0,0,0,0,0,0
110,2,2008-01-03 00:00:00,2009-01-03 00:00:00,3444,3229,0,40,,363,5926,5925,,5,6406,6351,,73,4749,4715,,1565,1565,,1,22090,21785,0,43,,478,188,5,19,1,3,1,1,216,1,,,,,,,,0,0,0,0,36,0
111,1,2009-01-06 00:00:00,2009-12-31 00:00:00,3222,2879,321,15,,7,7870,7111,759,0,7223,7146,76,1,4442,4434,8,2194,1480,714,0,24951,23050,1878,15,,8,0,,,,,,,0,,,,,,,,,0,0,0,0,0,0
111,2,2010-01-05 00:00:00,2010-12-31 00:00:00,2675,2800,0,16,,180,6600,7318,,41,7486,7553,,4,4448,4454,,627,1202,,139,21836,23327,0,21,,366,321,759,76,5,8,,714,1878,,,,,,,,,0,0,0,0,2,0
112,1,2011-01-05 00:00:00,2012-01-03 00:00:00,3972,3582,355,23,,12,5983,5688,295,0,5908,5892,16,0,3405,3404,1,1249,1249,,0,20517,19815,667,23,,12,0,,,,,,,,,,,,,,,,0,0,0,0,0,0
112,2,2012-01-03 00:00:00,2013-01-03 00:00:00,5019,5225,0,19,,130,6298,6582,,10,7300,7304,,11,3872,3871,,1314,1314,,0,23803,24296,0,21,,153,355,295,16,1,1,,,667,1,,,,,,,,0,0,0,0,2,0
113,1,2013-01-03 00:00:00,2014-01-03 00:00:00,2226,505,2,9,,1710,5479,5471,,7,6726,6712,,14,3881,3879,,762,761,,1,19074,17328,2,11,,1733,0,,,,,1,,0,1,,,,,,,,0,0,0,0,1,0
113,2,2014-01-03 00:00:00,2015-01-02 00:00:00,4237,3076,0,14,,1149,4424,4200,,223,6379,6325,,53,3877,3875,,879,878,,1,19796,18354,0,16,,1428,2,,,1,,,,2,1,,,,,,,,0,0,0,0,2,0
114,1,2015-01-06 00:00:00,2015-12-31 00:00:00,4168,3556,278,332,,2,5734,5550,181,0,5214,3474,1740,0,3936,3931,5,1070,1067,3,0,20122,17578,2207,335,,2,0,,,,,,,0,3,,,,,,,,0,0,0,0,0,0
114,2,2016-01-04 00:00:00,2017-01-03 00:00:00,2488,2458,0,13,,295,7387,7495,,73,4159,5878,,21,4403,4401,,1243,1245,,1,19680,21477,0,15,,395,278,181,1740,,5,2,3,2207,,,,,,,,,0,0,0,0,5,0
115,1,2017-01-03 00:00:00,2018-01-03 00:00:00,1805,1522,148,36,,99,5978,5899,76,2,6617,6604,12,0,4285,4273,11,1314,1314,,0,19999,19612,247,38,,102,0,,,1,,,,0,1,,,,,,,,0,0,0,0,1,0
115,2,2018-01-03 00:00:00,2019-01-03 00:00:00,2587,2407,305,23,,0,6198,6264,9,0,7271,7273,10,0,4452,4462,1,1347,1345,2,0,21855,21751,225,24,,0,148,76,12,,11,,,247,1,,,,,,,,0,0,0,0,0,0
116,1,2019-01-03 00:00:00,2020-01-03 00:00:00,2166,1668,390,22,,0,5979,5977,2,0,6569,6557,12,0,4616,4611,5,1432,1429,3,0,20762,20242,93,22,,405,0,,,,,,,0,,,,,,,,,0,0,0,0,0,0
116,2,2020-01-03 00:00:00,2021-01-03 00:00:00,2145,2029,0,19,,185,5669,5654,,15,6386,6381,,6,4680,4680,,2258,2157,,101,21854,21617,0,21,,309,88,,3,2,2,,,93,,,716,716,,,,,0,0,0,0,2,0
117,1,2021-01-03 00:00:00,2022-01-03 00:00:00,3479,2837,594,47,,0,6295,6290,5,0,8607,6614,1992,0,4411,4409,1,1644,1323,321,0,26351,22568,2915,868,,0,0,,,1,,1,,0,,,1916,1095,2,819,,,0,0,0,0,0,0
117,2,2022-01-03 00:00:00,2023-01-03 00:00:00,1837,1694,585,30,,0,6372,6327,50,0,6242,6145,2089,0,4523,4523,,234,553,2,0,19678,19714,2726,31,,0,472,5,1992,,1,1,321,2793,,,470,472,,,2,,0,0,0,0,0,0
